title,summary
Deep Learning for Natural Language Processing,This paper explores deep learning techniques applied to natural language processing tasks such as translation and text generation.
Neural Networks in Artificial Intelligence,Neural networks are a core component of artificial intelligence and are used in various applications including classification and prediction.
Machine Learning Techniques and Applications,This paper discusses different machine learning algorithms and their applications in real-world problems.
Transformer Models in NLP,Transformers have revolutionized natural language processing by enabling parallel processing and improved accuracy.
Graph Neural Networks Overview,Graph neural networks are designed to operate on graph structures and are useful in recommendation systems and social networks.
Artificial Intelligence in Healthcare,AI is transforming healthcare by improving diagnosis accuracy and enabling personalized treatments.
Computer Vision using Convolutional Neural Networks,CNNs are widely used in image processing tasks such as object detection and image classification.
Data Mining and Knowledge Discovery,Data mining techniques help in extracting useful patterns and knowledge from large datasets.
Reinforcement Learning Basics,Reinforcement learning focuses on training agents through rewards and penalties to make optimal decisions.
Big Data Analytics Methods,Big data analytics involves processing large volumes of data to extract meaningful insights.
Natural Language Understanding Systems,NLU systems aim to understand human language and are used in chatbots and virtual assistants.
Speech Recognition using Deep Learning,Deep learning models are used for accurate speech recognition in modern applications.
Recommendation Systems using AI,Recommendation systems suggest items based on user preferences and behavior using machine learning.
Time Series Forecasting Techniques,Time series models are used to predict future values based on historical data.
Cloud Computing and AI Integration,Cloud platforms enable scalable AI model deployment and processing.
Edge Computing for Smart Systems,Edge computing allows processing data closer to the source for faster decision-making.
Cybersecurity using Machine Learning,Machine learning helps detect anomalies and prevent cyber attacks.
Autonomous Vehicles and AI,AI enables self-driving cars through computer vision and decision-making algorithms.
Blockchain Technology Applications,Blockchain provides secure and decentralized systems for transactions.
Internet of Things and Smart Devices,IoT connects devices and enables smart automation in homes and industries.